{
    "metadata":{
        "normals":11,
        "type":"Geometry",
        "faces":12,
        "generator":"io_three",
        "uvs":1,
        "version":3,
        "vertices":21,
        "materials":1
    },
    "normals":[0,-1,0,0,-1,0,-0,1,0,0,1,0,1,0,0,1,-0,0,-6.18164e-06,-3.01255e-07,1,-1.03027e-06,1.29109e-07,1,-1,0,0,2.57568e-06,1.29109e-07,-1,3.09082e-06,8.60729e-08,-1],
    "materials":[{
        "blending":1,
        "DbgName":"Window",
        "transparent":false,
        "DbgColor":15658734,
        "colorDiffuse":[0.64,0.64,0.64],
        "visible":true,
        "wireframe":false,
        "colorEmissive":[0,0,0],
        "opacity":1,
        "DbgIndex":0,
        "depthWrite":true,
        "shading":"phong",
        "colorSpecular":[0.5,0.5,0.5],
        "depthTest":true,
        "specularCoef":50,
        "doubleSided":true
    }],
    "vertices":[-0.917624,1.92207,-0.21016,-0.917624,1.92207,-0.21016,-0.917624,1.92207,0.136086,-0.917624,1.92207,0.136086,-0.917624,1.92207,0.136086,-0.94655,1.92207,0.136086,-0.94655,1.92207,0.136086,-0.94655,1.92207,0.136086,-0.94655,1.92207,-0.21016,-0.94655,1.92207,-0.21016,-0.94655,1.92207,-0.21016,-0.917624,2.26831,-0.21016,-0.917624,2.26831,-0.21016,-0.917624,2.26831,0.136086,-0.917624,2.26831,0.136086,-0.917624,2.26831,0.136086,-0.94655,2.26831,0.136086,-0.94655,2.26831,0.136086,-0.94655,2.26831,-0.21016,-0.94655,2.26831,-0.21016,-0.94655,2.26831,-0.21016],
    "faces":[42,0,2,5,0,0,1,2,0,0,0,42,0,5,8,0,0,2,3,1,1,1,42,11,18,16,0,0,1,2,2,2,2,42,11,16,13,0,0,2,3,3,3,3,42,0,12,14,0,0,1,2,4,4,4,42,0,14,3,0,0,2,3,5,5,5,42,4,15,16,0,0,1,2,6,6,6,42,4,16,6,0,0,2,3,7,7,7,42,7,17,19,0,4,5,6,8,8,8,42,7,19,9,0,4,6,7,8,8,8,42,11,1,10,0,0,1,2,9,9,9,42,11,10,20,0,0,2,3,10,10,10],
    "uvs":[[0,0,1,0,1,1,0,1,1.14078,-0.143456,1.14345,1.13681,-0.139422,1.13616,-0.135537,-0.137971]]
}