{
    "metadata":{
        "normals":2,
        "type":"Geometry",
        "faces":2,
        "generator":"io_three",
        "uvs":0,
        "version":3,
        "vertices":4,
        "materials":1
    },
    "normals":[-5.0537e-08,-0.0171794,0.999852,0,-0.0171794,0.999852],
    "materials":[{
        "blending":1,
        "DbgName":"Light",
        "transparent":false,
        "DbgColor":15658734,
        "colorDiffuse":[0.64,0.64,0.64],
        "visible":true,
        "wireframe":false,
        "colorEmissive":[0,0,0],
        "opacity":1,
        "DbgIndex":0,
        "depthWrite":true,
        "shading":"phong",
        "colorSpecular":[0.5,0.5,0.5],
        "depthTest":true,
        "specularCoef":50,
        "doubleSided":true
    }],
    "vertices":[-0.896187,2.17907,0.148968,-0.896187,1.93388,0.144755,-0.977234,1.93388,0.144755,-0.977234,2.17907,0.148968],
    "faces":[34,0,3,2,0,0,0,0,34,0,2,1,0,1,1,1],
    "uvs":[]
}