{
    "data":{
        "groups":[{
            "start":0,
            "count":36,
            "materialIndex":0
        }],
        "attributes":{
            "normal":{
                "type":"Float32Array",
                "array":[0,-1,0,0,-1,0,0,-1,0,-0,1,0,-0,1,0,-0,1,0,1,-2.38419e-07,5.66244e-07,1,-2.38419e-07,5.66244e-07,1,-2.38419e-07,5.66244e-07,-4.76837e-07,-2.98023e-07,1,-4.76837e-07,-2.98023e-07,1,-4.76837e-07,-2.98023e-07,1,-1,-1.19209e-07,-2.38419e-07,-1,-1.19209e-07,-2.38419e-07,-1,-1.19209e-07,-2.38419e-07,2.08616e-07,1.93715e-07,-1,2.08616e-07,1.93715e-07,-1,2.08616e-07,1.93715e-07,-1,0,-1,-0,-0,1,-0,1,3.27826e-07,-0,1,3.27826e-07,-0,1,3.27826e-07,-0,-5.96046e-08,1.19209e-07,1,-5.96046e-08,1.19209e-07,1,-5.96046e-08,1.19209e-07,1,-1,-1.19209e-07,-2.38419e-07,-1,-1.19209e-07,-2.38419e-07,-1,-1.19209e-07,-2.38419e-07,2.68221e-07,1.34111e-07,-1,2.68221e-07,1.34111e-07,-1,2.68221e-07,1.34111e-07,-1],
                "itemSize":3
            },
            "position":{
                "type":"Float32Array",
                "array":[-0.299649,2.90453,-0.101509,-0.299649,2.90453,1.89849,-2.29965,2.90453,1.89849,-0.299648,4.90453,-0.101509,-2.29965,4.90453,-0.10151,-2.29965,4.90453,1.89849,-0.299649,2.90453,-0.101509,-0.299648,4.90453,-0.101509,-0.29965,4.90453,1.89849,-0.299649,2.90453,1.89849,-0.29965,4.90453,1.89849,-2.29965,4.90453,1.89849,-2.29965,2.90453,1.89849,-2.29965,4.90453,1.89849,-2.29965,4.90453,-0.10151,-0.299648,4.90453,-0.101509,-0.299649,2.90453,-0.101509,-2.29965,2.90453,-0.10151,-2.29965,2.90453,-0.10151,-0.29965,4.90453,1.89849,-0.299649,2.90453,1.89849,-0.299649,2.90453,-0.101509,-0.29965,4.90453,1.89849,-2.29965,2.90453,1.89849,-0.299649,2.90453,1.89849,-2.29965,4.90453,1.89849,-2.29965,2.90453,-0.10151,-2.29965,2.90453,1.89849,-2.29965,4.90453,-0.10151,-2.29965,4.90453,-0.10151,-0.299648,4.90453,-0.101509,-2.29965,2.90453,-0.10151],
                "itemSize":3
            }
        },
        "index":{
            "type":"Uint16Array",
            "array":[0,1,2,3,4,5,6,7,8,9,10,11,12,13,14,15,16,17,18,0,2,19,3,5,20,21,22,23,24,25,26,27,28,29,30,31],
            "itemSize":1
        }
    },
    "metadata":{
        "version":3,
        "type":"BufferGeometry",
        "normal":32,
        "position":32,
        "generator":"io_three"
    }
}