{
    "vertices":[1.28195,3.22495,0.872197,1.28195,3.22495,2.8722,-0.718045,3.22495,2.8722,-0.718045,3.22495,0.872196,1.28196,5.22495,0.872197,1.28195,5.22495,2.8722,-0.718045,5.22495,2.8722,-0.718045,5.22495,0.872197],
    "metadata":{
        "vertices":8,
        "generator":"io_three",
        "version":3,
        "uvs":0,
        "type":"Geometry",
        "normals":6,
        "faces":6
    },
    "uvs":[],
    "faces":[33,0,1,2,3,0,0,0,0,33,4,7,6,5,1,1,1,1,33,0,4,5,1,2,2,2,2,33,1,5,6,2,3,3,3,3,33,2,6,7,3,4,4,4,4,33,4,0,3,7,5,5,5,5],
    "normals":[0,-1,0,0,1,0,1,2.98023e-08,2.68221e-07,-2.98023e-07,-5.96047e-08,1,-1,-1.3411e-07,-2.23517e-07,2.38419e-07,1.49012e-07,-1]
}